Datetime,Water Level (m)
2025-02-11 12:00:00,-0.057844125
2025-02-11 13:00:00,0.021625634
2025-02-11 14:00:00,0.049960762
2025-02-11 15:00:00,0.020978821
2025-02-11 16:00:00,-0.04006455
2025-02-11 17:00:00,-0.11172576
2025-02-11 18:00:00,-0.1853149
2025-02-11 19:00:00,-0.25026965
2025-02-11 20:00:00,-0.28065273
2025-02-11 21:00:00,-0.2628944
2025-02-11 22:00:00,-0.18993218
2025-02-11 23:00:00,-0.07575052
2025-02-12 00:00:00,0.05300275
2025-02-12 01:00:00,0.16028412
2025-02-12 02:00:00,0.2221386
2025-02-12 03:00:00,0.22175254
2025-02-12 04:00:00,0.1651952
2025-02-12 05:00:00,0.08540012
2025-02-12 06:00:00,-0.0023083717
2025-02-12 07:00:00,-0.08909066
2025-02-12 08:00:00,-0.16578794
2025-02-12 09:00:00,-0.2076469
2025-02-12 10:00:00,-0.2002662
2025-02-12 11:00:00,-0.1379289
2025-02-12 12:00:00,-0.039431334
2025-02-12 13:00:00,0.055639215
2025-02-12 14:00:00,0.11346458
2025-02-12 15:00:00,0.11942375
2025-02-12 16:00:00,0.069736436
2025-02-12 17:00:00,-0.0016049796
2025-02-12 18:00:00,-0.08115289
2025-02-12 19:00:00,-0.1603649
2025-02-12 20:00:00,-0.2256627
2025-02-12 21:00:00,-0.24681534
2025-02-12 22:00:00,-0.21433766
2025-02-12 23:00:00,-0.117424265
2025-02-13 00:00:00,0.0061830706
2025-02-13 01:00:00,0.13388096
2025-02-13 02:00:00,0.22159684
2025-02-13 03:00:00,0.2536823
2025-02-13 04:00:00,0.22144079
2025-02-13 05:00:00,0.14816248
2025-02-13 06:00:00,0.06304848
2025-02-13 07:00:00,-0.025874868
2025-02-13 08:00:00,-0.111203305
2025-02-13 09:00:00,-0.17680606
2025-02-13 10:00:00,-0.19392277
2025-02-13 11:00:00,-0.15675443
2025-02-13 12:00:00,-0.061482303
2025-02-13 13:00:00,0.043194186
2025-02-13 14:00:00,0.1273909
2025-02-13 15:00:00,0.16319974
2025-02-13 16:00:00,0.1388331
2025-02-13 17:00:00,0.071886554
2025-02-13 18:00:00,-0.005085388
2025-02-13 19:00:00,-0.08802477
2025-02-13 20:00:00,-0.16589874
2025-02-13 21:00:00,-0.21583611
2025-02-13 22:00:00,-0.21496256
2025-02-13 23:00:00,-0.15825391
2025-02-14 00:00:00,-0.04272176
2025-02-14 01:00:00,0.08627908
2025-02-14 02:00:00,0.19465472
2025-02-14 03:00:00,0.25426462
2025-02-14 04:00:00,0.25007468
2025-02-14 05:00:00,0.19173491
2025-02-14 06:00:00,0.10799093
2025-02-14 07:00:00,0.0205385
2025-02-14 08:00:00,-0.06840563
2025-02-14 09:00:00,-0.14843236
2025-02-14 10:00:00,-0.19386463
2025-02-14 11:00:00,-0.18466634
2025-02-14 12:00:00,-0.11788316
2025-02-14 13:00:00,-0.012528974
2025-02-14 14:00:00,0.08843083
2025-02-14 15:00:00,0.15053421
2025-02-14 16:00:00,0.15808734
2025-02-14 17:00:00,0.110100694
2025-02-14 18:00:00,0.036102284
2025-02-14 19:00:00,-0.044341393
2025-02-14 20:00:00,-0.12545142
2025-02-14 21:00:00,-0.1959213
2025-02-14 22:00:00,-0.22435218
2025-02-14 23:00:00,-0.19862077
2025-02-15 00:00:00,-0.10912533
2025-02-15 01:00:00,0.01306718
2025-02-15 02:00:00,0.13510248
2025-02-15 03:00:00,0.216795
2025-02-15 04:00:00,0.24307111
2025-02-15 05:00:00,0.20626804
2025-02-15 06:00:00,0.1321021
2025-02-15 07:00:00,0.048169877
2025-02-15 08:00:00,-0.03999027
2025-02-15 09:00:00,-0.12365048
2025-02-15 10:00:00,-0.1855873
2025-02-15 11:00:00,-0.19794008
2025-02-15 12:00:00,-0.15403652
2025-02-15 13:00:00,-0.051141072
2025-02-15 14:00:00,0.059603818
2025-02-15 15:00:00,0.1469521
2025-02-15 16:00:00,0.18481001
2025-02-15 17:00:00,0.16225018
2025-02-15 18:00:00,0.09902668
2025-02-15 19:00:00,0.017948167
2025-02-15 20:00:00,-0.065701805
2025-02-15 21:00:00,-0.14459181
2025-02-15 22:00:00,-0.19786978
2025-02-15 23:00:00,-0.20018156
2025-02-16 00:00:00,-0.14777447
2025-02-16 01:00:00,-0.036880128
2025-02-16 02:00:00,0.084044464
2025-02-16 03:00:00,0.18060696
2025-02-16 04:00:00,0.22812402
2025-02-16 05:00:00,0.21414037
2025-02-16 06:00:00,0.15145256
2025-02-16 07:00:00,0.070510544
2025-02-16 08:00:00,-0.014640311
2025-02-16 09:00:00,-0.09982272
2025-02-16 10:00:00,-0.17333896
2025-02-16 11:00:00,-0.20720275
2025-02-16 12:00:00,-0.18617941
2025-02-16 13:00:00,-0.104207985
2025-02-16 14:00:00,0.0060100127
2025-02-16 15:00:00,0.11231262
2025-02-16 16:00:00,0.17726159
2025-02-16 17:00:00,0.1872278
2025-02-16 18:00:00,0.14056632
2025-02-16 19:00:00,0.06582133
2025-02-16 20:00:00,-0.015068442
2025-02-16 21:00:00,-0.09764395
2025-02-16 22:00:00,-0.1677035
2025-02-16 23:00:00,-0.19590624
2025-02-17 00:00:00,-0.17417544
2025-02-17 01:00:00,-0.09302406
2025-02-17 02:00:00,0.015991393
2025-02-17 03:00:00,0.120295115
2025-02-17 04:00:00,0.17935258
2025-02-17 05:00:00,0.18672164
2025-02-17 06:00:00,0.13837518
2025-02-17 07:00:00,0.06424835
2025-02-17 08:00:00,-0.016484525
2025-02-17 09:00:00,-0.099464975
2025-02-17 10:00:00,-0.17699085
2025-02-17 11:00:00,-0.22885008
2025-02-17 12:00:00,-0.23250331
